,0
0,23998
1,22481
-1,22307
2,19076
-2,18823
3,15486
-3,14932
4,13005
-4,12495
5,11408
-5,10626
6,10612
7,10023
-6,9845
8,9550
9,9246
-7,9020
10,8833
-8,8611
11,8569
12,8338
13,8169
-9,8141
-10,7651
14,7520
15,7409
-11,7249
16,7072
-12,7055
-13,6708
17,6586
18,6420
-14,6319
19,6285
-15,5995
20,5952
21,5819
22,5699
-16,5668
-17,5542
23,5295
-18,5199
24,5054
-19,4962
25,4889
-20,4721
26,4697
-21,4463
27,4351
28,4316
-22,4264
-23,4192
29,3957
-24,3946
30,3851
-25,3746
-26,3649
31,3620
-27,3525
32,3425
-28,3230
33,3211
-29,3176
34,3092
-30,3089
35,2987
-31,2944
36,2893
-32,2863
-33,2681
37,2645
-34,2554
-35,2497
38,2473
39,2428
-36,2420
-37,2379
40,2227
-38,2182
-39,2090
41,2080
42,2049
-40,2001
43,1978
-41,1975
-42,1904
44,1846
-43,1808
-44,1808
45,1767
-45,1721
-47,1651
-46,1641
47,1630
46,1625
-48,1507
48,1489
49,1447
-49,1412
-50,1396
51,1385
-52,1368
50,1365
-53,1314
-51,1296
53,1288
52,1274
54,1241
-54,1235
55,1228
-56,1165
-55,1162
-57,1112
57,1110
56,1083
-58,1077
58,1068
59,1028
-59,1027
-60,1026
60,995
61,967
-61,954
62,945
-63,918
-62,908
63,894
-64,887
64,867
65,830
66,820
-66,787
67,772
-65,769
-67,757
-68,745
70,726
-69,717
-70,712
68,710
69,700
-71,679
71,673
72,664
73,649
-73,638
-74,636
-72,614
-76,603
74,588
77,588
-75,578
-78,564
76,564
75,563
-77,562
78,557
-79,552
-80,551
-83,519
79,517
80,507
-82,490
-81,488
-85,481
-84,472
81,465
-89,462
82,450
-87,443
85,437
84,423
-88,420
83,418
-93,407
-92,407
86,401
-86,400
-95,398
-97,392
-91,376
-94,375
-90,362
-96,361
87,359
88,357
94,356
90,355
93,353
-101,352
91,348
92,347
-100,344
89,343
-99,340
-102,333
-98,323
95,318
98,305
100,301
-103,300
99,299
-108,298
-105,295
-107,294
97,294
-104,291
-106,287
105,286
-109,276
103,268
101,263
-111,262
102,257
96,255
-112,254
-110,252
-117,247
107,246
-116,243
-113,243
-118,238
-115,234
104,232
111,230
109,230
108,227
-123,216
113,215
-114,213
-120,209
110,208
-119,207
-122,206
114,205
-125,204
106,201
112,200
120,200
-132,197
-124,196
-126,194
-131,192
-133,192
118,190
-121,188
-127,186
-130,185
-128,184
-137,184
115,183
117,180
-129,175
123,174
-140,172
116,171
-134,164
124,164
122,164
-144,162
-135,159
119,158
-142,157
-136,156
-139,152
125,152
121,151
-147,149
137,146
127,146
135,145
130,145
126,143
-150,142
-141,140
-151,140
131,138
-152,137
-146,135
-143,134
-157,134
-138,133
-149,133
-148,132
-145,132
128,129
129,128
136,126
-154,125
132,125
-155,124
133,124
138,121
134,120
-163,119
143,116
-153,116
-162,113
-160,111
-158,111
-165,108
152,107
-170,106
141,106
139,106
148,104
-161,103
-156,103
140,102
-171,101
-167,101
157,101
144,100
156,100
-179,100
-174,99
151,98
142,98
-166,96
-169,95
-159,95
150,94
-164,94
145,94
166,93
154,93
-186,93
158,92
-168,92
-176,92
146,91
147,90
-182,90
155,87
162,87
161,86
-177,86
-183,86
-180,85
-184,85
-198,85
-195,85
149,85
153,85
-185,84
164,84
159,84
-191,83
172,83
-172,83
167,82
-189,81
168,81
-178,81
-192,81
-173,79
-202,79
174,79
169,79
-175,78
-200,78
160,77
165,77
-181,77
-197,77
163,77
175,77
171,76
-193,75
-190,75
-199,75
180,73
181,73
173,72
-194,70
176,69
-215,67
170,66
-187,65
194,65
-218,63
-205,63
187,63
-213,62
189,61
186,61
190,61
182,61
-206,60
-196,60
-212,60
-204,59
-217,59
177,59
184,59
-201,58
-220,58
183,58
-203,58
207,58
-208,57
185,57
203,57
208,57
179,56
-223,56
-221,55
-230,54
198,54
-188,53
-209,53
200,53
209,53
210,53
199,52
202,52
-216,52
-229,52
-239,51
-227,51
197,51
-210,51
214,50
-211,50
196,50
191,50
204,50
213,50
-207,50
212,49
-214,49
188,48
192,48
219,48
215,47
-225,47
178,47
211,47
195,46
-226,46
-222,46
193,45
231,45
-233,45
-237,45
-228,45
-234,44
220,44
224,43
229,43
-252,43
-236,43
-219,43
225,42
-224,42
-231,42
216,41
218,41
-232,41
-245,40
222,40
-253,40
-240,39
235,39
206,39
205,39
201,39
230,39
-244,39
217,38
240,38
263,38
-250,37
255,37
227,37
223,37
295,37
246,37
-243,37
226,36
-235,36
-256,36
245,36
247,35
-257,35
-251,35
261,35
-262,35
258,35
280,35
260,34
-238,34
234,34
221,34
-246,34
-247,33
-287,33
259,33
-259,33
-255,33
232,32
271,32
-272,32
242,32
237,32
233,31
-254,31
243,31
251,30
-266,30
-249,30
-248,30
273,30
253,29
-270,29
-282,29
-267,29
266,29
-241,29
282,28
277,28
-290,28
249,28
-305,28
275,28
238,28
-279,28
-303,27
236,27
-242,27
264,27
-271,27
290,27
254,27
239,27
-273,26
-308,26
256,26
270,26
276,26
-280,25
250,25
252,25
274,25
-309,25
-289,25
279,25
248,25
-297,25
283,25
228,24
289,24
-258,24
-278,24
-260,24
-265,24
285,24
-269,24
-283,24
-284,24
294,24
332,23
-298,23
262,23
-291,23
366,23
292,23
338,23
322,23
-263,23
-311,23
244,23
241,23
-292,23
291,23
284,23
286,22
-296,22
281,22
-348,22
-286,22
-268,22
304,22
268,22
-288,22
-264,22
269,22
-295,22
-277,22
-275,22
-276,22
319,21
272,21
-299,21
287,21
-285,20
-274,20
-324,20
-350,20
267,20
-356,20
-371,20
-294,20
297,20
343,20
-397,20
-340,20
320,20
328,20
307,20
-320,19
306,19
-317,19
309,19
-319,19
-318,19
-300,19
-338,19
257,19
293,19
-343,19
-346,19
-261,19
314,18
311,18
-301,18
317,18
-302,18
-312,18
-306,18
-310,18
321,18
318,18
335,18
305,18
362,18
303,18
296,18
405,18
384,18
378,18
265,17
-378,17
361,17
-347,17
-342,17
329,17
350,17
342,17
301,17
316,17
-328,17
340,17
312,17
379,17
308,17
-331,16
-374,16
-316,16
-313,16
-326,16
369,16
-345,16
364,16
330,16
380,16
298,16
324,15
-304,15
400,15
352,15
-314,15
288,15
299,15
-281,15
403,15
-307,15
346,15
325,15
458,15
-403,15
-336,14
348,14
-325,14
339,14
-411,14
-322,14
-399,14
336,14
-344,14
357,14
-329,14
363,14
310,14
323,14
333,14
368,14
-370,14
331,14
-381,14
-366,14
376,13
-330,13
344,13
300,13
-402,13
377,13
-334,13
-360,13
-364,13
365,13
370,13
382,13
-357,13
278,13
354,13
-375,13
-425,13
-427,13
-379,13
-417,13
-293,13
-321,13
-418,13
327,13
407,13
334,12
-353,12
421,12
337,12
396,12
-409,12
-359,12
-406,12
-349,12
-390,12
-315,12
313,12
438,12
-444,12
-434,12
-415,12
-396,12
393,12
-393,12
-458,12
302,12
-333,12
371,12
390,12
381,12
406,12
-335,12
-419,12
-327,12
-511,12
-362,12
-400,12
-437,12
-369,12
386,11
-392,11
-442,11
-455,11
-361,11
-355,11
-367,11
475,11
-473,11
-365,11
-373,11
-471,11
-388,11
397,11
-503,11
433,11
408,11
-416,11
457,11
427,11
349,11
564,11
428,11
-383,11
356,11
-404,11
389,11
-377,11
-339,11
-476,11
360,11
385,11
-461,11
422,10
415,10
-372,10
372,10
-337,10
-363,10
423,10
450,10
-332,10
496,10
-420,10
-535,10
345,10
391,10
-514,10
-426,10
-391,10
-351,10
-432,10
-407,10
-547,10
432,10
410,10
-477,10
-502,10
-459,10
367,10
387,10
480,10
355,10
-398,10
-478,10
-443,10
383,10
-466,9
468,9
-376,9
-544,9
374,9
347,9
-523,9
-526,9
326,9
-488,9
341,9
-484,9
-481,9
473,9
543,9
351,9
477,9
-352,9
-354,9
-358,9
-495,9
388,9
-447,9
430,9
-424,9
-413,9
-386,9
-465,9
-460,9
-435,9
404,9
444,9
460,9
-401,9
420,9
-389,9
409,9
-421,9
448,9
-441,9
392,9
-584,9
-440,9
425,9
315,8
-615,8
-475,8
-453,8
416,8
-423,8
-468,8
500,8
471,8
447,8
454,8
-517,8
394,8
503,8
-500,8
-395,8
-387,8
373,8
504,8
-472,8
-384,8
-619,8
-583,8
-439,8
-341,8
-542,8
440,8
443,8
402,8
-482,8
488,8
399,8
-457,8
-467,8
-323,8
580,8
358,8
-545,7
353,7
-552,7
605,7
521,7
481,7
398,7
498,7
552,7
413,7
-504,7
-394,7
-479,7
483,7
-450,7
612,7
669,7
476,7
-537,7
-625,7
538,7
-456,7
-656,7
-451,7
-549,7
696,7
417,7
-485,7
395,7
501,7
-529,7
-480,7
-382,7
434,7
-428,7
-576,7
-639,7
-436,7
-385,7
594,7
-446,7
-438,7
-429,7
-506,7
465,7
-649,7
466,6
-431,6
-412,6
495,6
411,6
-662,6
-508,6
-531,6
412,6
556,6
-410,6
-528,6
-494,6
705,6
-548,6
-591,6
-644,6
-414,6
-498,6
-614,6
359,6
-635,6
446,6
642,6
781,6
585,6
459,6
-621,6
-483,6
487,6
566,6
514,6
467,6
-536,6
567,6
697,6
768,6
-618,6
-557,6
-589,6
-486,6
-433,6
595,6
435,6
667,6
-492,6
517,6
-522,6
-594,6
-646,6
-464,6
523,6
-469,6
-501,6
-634,6
-555,6
-520,6
431,6
-603,6
-449,6
451,6
424,6
637,6
506,6
429,6
520,6
449,6
598,6
602,6
554,6
-448,6
419,6
574,6
-809,6
418,6
-499,6
-606,6
-497,5
445,5
436,5
-574,5
589,5
-600,5
756,5
539,5
-570,5
581,5
437,5
724,5
728,5
-445,5
610,5
596,5
-422,5
-507,5
-768,5
685,5
401,5
-516,5
508,5
-596,5
512,5
686,5
502,5
-792,5
511,5
-541,5
-762,5
582,5
485,5
587,5
604,5
527,5
490,5
-717,5
-408,5
-828,5
571,5
519,5
719,5
-454,5
593,5
616,5
761,5
-804,5
717,5
-521,5
-612,5
531,5
833,5
-672,5
516,5
510,5
515,5
754,5
-721,5
-573,5
-405,5
491,5
522,5
569,5
-533,5
-487,5
-515,5
-430,5
528,5
617,5
-505,5
441,5
-896,5
479,5
-632,5
553,5
-858,5
628,5
558,5
472,5
-474,5
470,5
375,5
-636,5
-564,5
-559,5
461,5
-462,5
555,5
-633,5
-554,5
469,5
668,5
557,5
-491,4
615,4
533,4
-470,4
532,4
-627,4
1601,4
-597,4
-732,4
577,4
-563,4
570,4
749,4
748,4
872,4
630,4
509,4
536,4
456,4
548,4
629,4
-532,4
-883,4
578,4
493,4
753,4
563,4
597,4
-489,4
752,4
-648,4
518,4
-490,4
1081,4
803,4
-693,4
657,4
-938,4
-530,4
807,4
-650,4
-823,4
-525,4
-608,4
1249,4
505,4
-561,4
-659,4
-800,4
606,4
-874,4
663,4
607,4
-524,4
452,4
-710,4
550,4
-1117,4
-811,4
462,4
525,4
-571,4
609,4
-463,4
-496,4
562,4
-575,4
549,4
-790,4
601,4
-493,4
-553,4
-727,4
-651,4
716,4
-726,4
1065,4
-609,4
507,4
-628,4
742,4
834,4
414,4
718,4
529,4
660,4
740,4
-739,4
634,4
787,4
584,4
-769,4
-957,4
626,4
-578,4
-567,4
-623,4
913,4
620,4
622,4
682,4
-772,4
864,4
792,4
-744,4
-509,4
-641,4
-771,4
-1257,4
860,4
-620,4
590,4
484,4
-581,4
-754,4
439,4
541,4
-638,4
-740,4
-513,4
-751,4
690,4
-765,4
486,4
-587,4
-539,4
-1097,4
-676,4
760,4
689,4
565,4
-558,4
650,4
544,4
-519,3
738,3
-602,3
884,3
-637,3
1253,3
-961,3
-761,3
811,3
814,3
904,3
661,3
-723,3
813,3
636,3
758,3
442,3
782,3
899,3
-756,3
-716,3
-572,3
-1096,3
608,3
912,3
-551,3
524,3
-805,3
731,3
453,3
-714,3
822,3
573,3
474,3
-1545,3
1245,3
-631,3
659,3
-582,3
-892,3
1064,3
644,3
-380,3
978,3
-1149,3
-758,3
635,3
-604,3
-1064,3
734,3
-893,3
643,3
1410,3
809,3
-1264,3
-1319,3
-592,3
-943,3
560,3
-897,3
1066,3
901,3
-784,3
801,3
793,3
1274,3
-642,3
-733,3
-368,3
-590,3
-595,3
890,3
946,3
959,3
1067,3
797,3
638,3
-981,3
798,3
-1106,3
799,3
579,3
-1156,3
980,3
759,3
639,3
-643,3
-781,3
-944,3
592,3
-725,3
-510,3
746,3
646,3
-1110,3
745,3
-1304,3
426,3
658,3
559,3
-778,3
1170,3
513,3
1297,3
785,3
-599,3
-766,3
-729,3
-1161,3
1459,3
-745,3
599,3
591,3
648,3
1027,3
640,3
-746,3
-579,3
-788,3
-946,3
789,3
-560,3
576,3
747,3
684,3
-605,3
-664,3
1357,3
-630,3
-831,3
-861,3
-568,3
492,3
-1177,3
703,3
568,3
-1045,3
-1129,3
849,3
919,3
537,3
-666,3
700,3
478,3
851,3
-1044,3
845,3
-820,3
-829,3
1648,3
613,3
497,3
714,3
-923,3
2544,3
-1081,3
-698,3
-966,3
838,3
973,3
-922,3
673,3
-863,3
873,3
494,3
-663,3
869,3
699,3
-969,3
-684,3
-678,3
-538,3
546,3
859,3
-670,3
-566,3
-855,3
-540,3
-848,3
623,3
-675,3
-849,3
-671,3
-624,3
-850,3
482,3
863,3
-845,3
-2961,3
-953,3
-1194,3
853,3
1365,3
-839,3
678,3
489,3
1207,3
-682,3
621,3
857,3
-842,3
603,3
911,3
-856,3
-843,3
693,3
-2155,3
530,3
779,3
928,3
-661,3
-703,3
825,3
-607,3
632,3
-1061,3
-452,3
-1048563,3
-1733,3
988,3
-706,3
666,3
-818,3
830,3
572,3
-701,3
828,3
-562,3
-707,3
966,2
897,2
-747,2
-1049,2
1368,2
-669,2
882,2
-640,2
-1048703,2
-683,2
1048557,2
-667,2
788,2
-719,2
-588,2
819,2
948,2
-1100,2
-1229,2
1299,2
-1048587,2
-1193,2
-2705,2
-1220,2
-1069,2
817,2
-1057,2
1022,2
1940,2
-1692,2
818,2
-629,2
-1195,2
-1153,2
-1678,2
1380,2
894,2
-749,2
1302,2
-1258,2
910,2
-1569,2
-1573,2
463,2
-2166,2
810,2
1369,2
-674,2
-1679,2
1423,2
-1167,2
-1142,2
906,2
-622,2
-565,2
-1183,2
-655,2
-1779,2
-1118,2
-1048629,2
-753,2
-755,2
823,2
1292,2
-1186,2
-543,2
780,2
993,2
-673,2
1334,2
-550,2
-1136,2
-1035,2
1441,2
-2286,2
915,2
-2050,2
-1148,2
-534,2
900,2
-1774,2
1298,2
-1223,2
949,2
-580,2
-657,2
858,2
-1070,2
951,2
1013,2
-586,2
898,2
1296,2
974,2
-677,2
-1048467,2
784,2
-752,2
-712,2
-585,2
-1133,2
-1085,2
1995,2
804,2
-1209,2
1485,2
-660,2
-1028,2
-731,2
960,2
939,2
-1208,2
-1041,2
1048748,2
-1048573,2
-695,2
877,2
-724,2
-2229,2
-1048520,2
1434,2
843,2
-1122,2
1355,2
-1065,2
962,2
3363,2
802,2
-697,2
-1048611,2
806,2
874,2
-569,2
-1163,2
1321,2
1397,2
-1140,2
-1123,2
-700,2
1348,2
-1039,2
464,2
-527,2
-598,2
-1048541,2
-728,2
938,2
1521,2
875,2
-1048581,2
-699,2
-1686,2
-702,2
983,2
-1040,2
1452,2
-1172,2
844,2
848,2
1326,2
-1141,2
-1251,2
-687,2
-1072,2
499,2
-1037,2
1488,2
-665,2
-593,2
-1048610,2
-1178,2
-685,2
829,2
1002,2
-2734,2
883,2
-617,2
893,2
-742,2
1859,2
1457,2
-556,2
-577,2
-1539,2
-1139,2
942,2
-734,2
-1048542,2
-691,2
-601,2
1478,2
-1067,2
1313,2
1017,2
-1247,2
941,2
-647,2
-735,2
-690,2
889,2
-1671,2
846,2
-1038,2
-704,2
-1158,2
-1027,2
-722,2
927,2
-1128,2
1846,2
1535,2
-964,2
1108,2
-993,2
664,2
1119,2
-2466,2
665,2
-1982,2
1178,2
737,2
547,2
1179,2
2085,2
-801,2
670,2
-866,2
1182,2
-803,2
-1316,2
671,2
-865,2
672,2
1754,2
729,2
1063,2
727,2
1238,2
-862,2
1109,2
1187,2
1236,2
-2018,2
-873,2
-794,2
1773,2
-1398,2
651,2
-885,2
-1806,2
1266,2
-782,2
-783,2
-1003,2
-1515,2
-785,2
751,2
535,2
654,2
-1000,2
-1818,2
-881,2
1561,2
-789,2
-1392,2
-997,2
1634,2
-791,2
540,2
-996,2
-1816,2
1255,2
-793,2
-927,2
-982,2
-1494,2
-886,2
-1837,2
1048522,2
2102,2
1098,2
-1993,2
586,2
-825,2
-847,2
710,2
-952,2
-1340,2
1083,2
708,2
1219,2
691,2
707,2
1606,2
-963,2
-1855,2
-3392,2
1086,2
694,2
-955,2
1087,2
1092,2
-2378,2
-840,2
702,2
-1347,2
-837,2
1199,2
712,2
1099,2
1583,2
-1325,2
676,2
-860,2
1188,2
-1372,2
677,2
722,2
1107,2
-1370,2
1048598,2
-1328,2
-816,2
720,2
-976,2
-824,2
1193,2
-1457,2
-2355,2
1227,2
-852,2
715,2
-1460,2
-973,2
1587,2
-2388,2
-851,2
1197,2
-1336,2
-1004,2
-836,2
641,2
-1276,2
619,2
1136,2
-1273,2
647,2
766,2
618,2
776,2
1139,2
1032,2
1671,2
1135,2
2061,2
-1272,2
-1406,2
1550,2
765,2
1040,2
1285,2
-900,2
-1523,2
-773,2
1275,2
-1412,2
-764,2
625,2
-917,2
526,2
1131,2
-891,2
-1924,2
-1284,2
-1019,2
1800,2
1048560,2
-907,2
-2293,2
1268,2
1134,2
1151,2
1673,2
757,2
-1527,2
-914,2
-512,2
1544,2
-1281,2
-919,2
-895,2
1143,2
1553,2
1048613,2
1154,2
-915,2
777,2
5712,1
1936,1
2485,1
1048684,1
1048499,1
3664,1
-2130,1
3661,1
-1048141,1
1646,1
-1424,1
1048656,1
-947,1
-1612,1
-4016,1
1617,1
1048498,1
-1048655,1
-1047473,1
1424,1
2484,1
3149,1
-1048657,1
-1104,1
-2160,1
-1971,1
-5011,1
1102,1
-1615,1
-2477,1
-2480,1
19352,1
1048495,1
-1135,1
-1456,1
1104,1
1048590,1
-2639,1
-1102,1
624,1
-913,1
1458,1
5234,1
-1617,1
1103,1
-3151,1
-6740,1
-1970,1
-1103,1
947,1
1048599,1
-1105,1
-1098,1
-948,1
-1093,1
-5186,1
-7233,1
-6721,1
-3004,1
1093,1
-1605,1
1467,1
-954,1
-1466,1
1094,1
1140,1
4537,1
-1048645,1
-626,1
1466,1
-3141,1
1468,1
1141,1
2628,1
-956,1
3191,1
6208,1
-1048641,1
1470,1
1048535,1
1091,1
-2625,1
2117,1
-4538,1
1981,1
-906,1
1048130,1
-1091,1
23478,1
909,1
954,1
-1048646,1
-2995,1
-1048495,1
-910,1
-1935,1
-5048,1
-3698,1
1048501,1
-949,1
1935,1
1137,1
1977,1
-911,1
-2448,1
-1048177,1
-1461,1
588,1
-1611,1
-1099,1
-4536,1
-2674,1
1463,1
627,1
3000,1
-2955,1
-3185,1
-4025,1
8077,1
583,1
1048128,1
2446,1
-1465,1
1048504,1
952,1
-951,1
20914,1
1097,1
-1609,1
-3473,1
-920,1
-3665,1
-2965,1
-2144,1
27247,1
1122,1
1642,1
3489,1
1130,1
-1120,1
611,1
-1441,1
-925,1
1048330,1
-2974,1
-7072,1
2457,1
1123,1
-3486,1
-6559,1
-2461,1
1633,1
-6552,1
3178,1
918,1
1955,1
-1629,1
1443,1
-1953,1
-928,1
1120,1
-1440,1
-1630,1
1048479,1
930,1
-2154,1
-5021,1
1121,1
2462,1
1635,1
1048550,1
1126,1
-4709,1
1638,1
923,1
-613,1
2662,1
2458,1
-5221,1
1433,1
-1433,1
1946,1
-1945,1
-3479,1
1128,1
-2661,1
-1126,1
-2968,1
-2969,1
-1949,1
-1947,1
-610,1
-2971,1
-924,1
1437,1
920,1
-1948,1
925,1
-611,1
-2460,1
-2453,1
1944,1
1125,1
3997,1
18017,1
924,1
1631,1
-1429,1
-3502,1
1113,1
-1621,1
-3498,1
2137,1
600,1
916,1
1112,1
-935,1
27545,1
932,1
-1447,1
1048769,1
-3179,1
-934,1
-1132,1
1428,1
-8274,1
1644,1
6057,1
1111,1
-1450,1
1048492,1
2671,1
-2449,1
2645,1
-1939,1
5206,1
-1048494,1
-1619,1
922,1
-1964,1
2132,1
-939,1
-2988,1
-1108,1
1110,1
4008,1
28580,1
-3160,1
1115,1
-916,1
1446,1
2669,1
-1114,1
-1444,1
917,1
-931,1
-1048486,1
-1627,1
1445,1
-1443,1
1048596,1
-2465,1
-1048470,1
-1116,1
-932,1
-1047132,1
-3691,1
-4699,1
937,1
1114,1
1048480,1
-1428,1
-1446,1
1626,1
1448,1
936,1
1048485,1
3181,1
-4519,1
2650,1
-6229,1
-1113,1
935,1
1116,1
-1269,1
1090,1
-2068,1
-1048557,1
1047,1
-2025,1
1048551,1
27156,1
-2582,1
-999,1
1049,1
-1048555,1
-1046,1
-3093,1
-2023,1
2587,1
-2581,1
-998,1
27111,1
-1048598,1
2025,1
5099,1
-1001,1
1046,1
-1510,1
1005,1
-2542,1
-2064,1
-4591,1
-1005,1
1008,1
1048556,1
-1048592,1
-1553,1
1044,1
-2028,1
27160,1
-2066,1
29211,1
-1048559,1
-1554,1
-1042,1
1006,1
534,1
-1002,1
1050,1
-1048599,1
-1518,1
-1048548,1
1054,1
-1048547,1
1506,1
-1054,1
1567,1
-992,1
-1048606,1
-1048546,1
-1055,1
-2016,1
-2528,1
545,1
1048542,1
-1048545,1
-1568,1
1504,1
-990,1
-1502,1
-1048608,1
995,1
-2075,1
-6632,1
-994,1
-4070,1
21014,1
999,1
1564,1
2022,1
-1050,1
998,1
1048612,1
-2585,1
-995,1
-1507,1
997,1
1565,1
-4068,1
-2529,1
-1048549,1
996,1
-4580,1
542,1
-2030,1
1009,1
1503,1
1048569,1
-4603,1
1020,1
1047405,1
-1017,1
-5115,1
1031,1
-2051,1
-1048572,1
1531,1
-1029,1
-2041,1
-1016,1
2030,1
-1542,1
-1030,1
3067,1
-518,1
-3575,1
1047237,1
-3587,1
-1048579,1
-1031,1
3079,1
1023,1
-1024,1
1025,1
2563,1
1048573,1
-1048575,1
1534,1
-1026,1
1539,1
27635,1
-1020,1
1028,1
27657,1
-1048574,1
1533,1
-1531,1
1021,1
-2564,1
-6137,1
-3080,1
-1015,1
1042,1
-8178,1
27128,1
-1010,1
1038,1
1524,1
-1036,1
-2571,1
37405,1
1048543,1
-1009,1
-3058,1
1039,1
-1048589,1
-1550,1
2577,1
1010,1
-1007,1
1041,1
-1048562,1
-1006,1
-2545,1
-1547,1
1048566,1
-1011,1
-1048583,1
2040,1
-1544,1
-2549,1
-1014,1
-1013,1
1048597,1
1547,1
36838,1
1527,1
-5131,1
-1012,1
1036,1
-6156,1
-1524,1
-1048567,1
1526,1
-1034,1
-4083,1
1570,1
991,1
5565,1
971,1
1048523,1
-971,1
-2102,1
-1483,1
1048665,1
-970,1
-1591,1
969,1
23100,1
-1481,1
-3639,1
1480,1
968,1
-968,1
1080,1
1048518,1
2107,1
-1593,1
9790,1
-2614,1
-1048524,1
1048517,1
-2099,1
-2095,1
561,1
16953,1
1073,1
-1048527,1
-1586,1
-1074,1
-1487,1
1585,1
-1999,1
-1048626,1
-974,1
-1075,1
1074,1
1048525,1
-1076,1
1048524,1
2613,1
1588,1
967,1
455,1
1584,1
-2498,1
-3645,1
3134,1
-1473,1
-1048638,1
-2109,1
-3136,1
-1087,1
3008,1
1048512,1
-2495,1
-2112,1
-960,1
-4157,1
-2496,1
-6077,1
-2623,1
1048510,1
-958,1
-1601,1
575,1
-1986,1
2109,1
963,1
-1082,1
-1652,1
1596,1
2503,1
-4035,1
2108,1
-1048518,1
1477,1
965,1
-2500,1
2500,1
-2108,1
1085,1
964,1
1597,1
-4036,1
-3646,1
-1597,1
-1474,1
-4047,1
976,1
-989,1
1048629,1
-3033,1
-986,1
1062,1
-1048613,1
2010,1
-3109,1
27607,1
-1048103,1
2523,1
551,1
-985,1
985,1
-2009,1
2520,1
2089,1
-4566,1
-984,1
-1496,1
-2008,1
1499,1
-4572,1
-4565,1
-1048540,1
-1501,1
-1048609,1
-1570,1
1502,1
-1058,1
990,1
-2593,1
-6111,1
2597,1
1501,1
989,1
-988,1
1060,1
-2524,1
-987,1
1061,1
-1499,1
-3548,1
-2011,1
-3626,1
-983,1
-2511,1
1048531,1
1069,1
2002,1
-1491,1
2607,1
-978,1
-2605,1
-1490,1
-1048622,1
2001,1
1489,1
-3120,1
-1071,1
977,1
-2608,1
1048529,1
-5075,1
-6099,1
-1584,1
-6605,1
-979,1
979,1
-5589,1
-6098,1
-1495,1
1577,1
-1578,1
982,1
1048534,1
19491,1
-5673,1
981,1
-2604,1
-4053,1
-1493,1
1579,1
1048532,1
-980,1
1068,1
-1492,1
-1048532,1
-3630,1
-1581,1
-3977,1
1048513,1
1420,1
2265,1
-713,1
1989,1
-2250,1
1753,1
1242,1
3291,1
-1830,1
732,1
-3788,1
1574,1
1244,1
-2252,1
1844,1
-3275,1
-2340,1
733,1
1843,1
-1315,1
-1827,1
-2762,1
-1834,1
-2878,1
824,1
1235,1
1747,1
1339,1
827,1
-709,1
-4906,1
-812,1
1338,1
826,1
-2757,1
-3883,1
-1836,1
2772,1
725,1
-1323,1
726,1
3385,1
1336,1
-3271,1
-2337,1
-802,1
1758,1
1842,1
2038,1
-2258,1
-798,1
-1746,1
1250,1
-1310,1
-5408,1
-3869,1
-797,1
-1747,1
1325,1
-1235,1
1048699,1
4326,1
8928,1
-796,1
-1748,1
-1236,1
812,1
-5405,1
815,1
-3282,1
736,1
1330,1
735,1
-718,1
-1313,1
3888,1
-1231,1
-3874,1
-2768,1
2785,1
-5331,1
2784,1
1840,1
1328,1
-1232,1
816,1
2353,1
-2848,1
-7380,1
-813,1
2258,1
-5936,1
-2747,1
839,1
2374,1
1048617,1
-1210,1
-3257,1
1736,1
6981,1
713,1
13007,1
-2872,1
-1723,1
837,1
-2748,1
1225,1
37207,1
1737,1
1226,1
1860,1
-821,1
-1721,1
-2231,1
-4406,1
1865,1
-5434,1
709,1
1221,1
1354,1
842,1
-694,1
1733,1
-1851,1
841,1
-1337,1
711,1
-4923,1
1864,1
1917,1
1352,1
3270,1
840,1
-696,1
836,1
2253,1
1746,1
-2867,1
-1840,1
-2352,1
1343,1
-1217,1
831,1
-705,1
2768,1
-4291,1
721,1
1854,1
24373,1
-1730,1
-815,1
-8902,1
-814,1
1234,1
1341,1
-1326,1
-2756,1
1744,1
832,1
-3263,1
-1331,1
-1725,1
1347,1
-1213,1
-2750,1
1228,1
1048538,1
-819,1
-1214,1
1230,1
-1216,1
-817,1
-4288,1
-1329,1
-1727,1
1345,1
-2351,1
-4797,1
2368,1
-1820,1
-2332,1
741,1
770,1
791,1
-3332,1
2326,1
-770,1
1278,1
-1794,1
-2306,1
767,1
1279,1
-1771,1
1301,1
-1793,1
-767,1
-2559,1
769,1
-748,1
-1279,1
1281,1
1811,1
1277,1
-5355,1
-3818,1
-775,1
-741,1
-776,1
-2278,1
-1288,1
-1766,1
1306,1
794,1
1784,1
1273,1
28915,1
762,1
-3304,1
-1255,1
-774,1
2840,1
-743,1
-1256,1
1276,1
-1773,1
-1261,1
-2275,1
-3325,1
-4347,1
2310,1
28929,1
-4339,1
-2810,1
775,1
-1047823,1
1287,1
-2801,1
-1785,1
7950,1
1293,1
-759,1
1289,1
2315,1
778,1
25862,1
-757,1
-1781,1
1965,1
-2298,1
-1274,1
-750,1
-6896,1
-1278,1
1282,1
1048577,1
-2814,1
771,1
-1277,1
786,1
-5887,1
22797,1
2309,1
-1775,1
772,1
-1263,1
-763,1
-1275,1
-1787,1
2311,1
795,1
-777,1
1048675,1
2287,1
-2837,1
-2778,1
1258,1
1259,1
1318,1
-1301,1
-730,1
2343,1
-1300,1
1772,1
1317,1
-1243,1
805,1
-1812,1
-787,1
27872,1
-1299,1
-1756,1
1316,1
-1241,1
1319,1
-2325,1
1767,1
-7384,1
3300,1
1766,1
-4311,1
1047765,1
2790,1
743,1
-3800,1
-3288,1
1257,1
744,1
1256,1
3305,1
1832,1
1320,1
-1240,1
808,1
-4822,1
-1244,1
750,1
-2314,1
-786,1
-4362,1
-1292,1
1822,1
-1250,1
-738,1
-779,1
1269,1
-3812,1
-1763,1
-1291,1
-1803,1
-2313,1
-2825,1
2332,1
-3337,1
1820,1
-1252,1
796,1
-1290,1
1823,1
2293,1
755,1
-1809,1
-2267,1
-3806,1
1315,1
-3294,1
27362,1
1263,1
1775,1
1314,1
-6879,1
800,1
-1296,1
-3855,1
-1295,1
2291,1
-2829,1
1824,1
-1760,1
-1248,1
-1205,1
-692,1
631,1
1168,1
-3721,1
-1162,1
886,1
-879,1
3216,1
1681,1
-1675,1
-878,1
18074,1
885,1
-6000,1
-2414,1
1171,1
-6282,1
-1901,1
-3211,1
-875,1
-652,1
1048671,1
-3439,1
887,1
33628,1
-880,1
1164,1
2188,1
-1670,1
653,1
25729,1
1165,1
1048694,1
29824,1
1048752,1
-1159,1
1166,1
2190,1
655,1
-3719,1
-1160,1
888,1
3214,1
1167,1
656,1
1173,1
-1387,1
-1899,1
662,1
4973,1
-869,1
-868,1
-1682,1
-1380,1
4255,1
-1048722,1
1901,1
1048795,1
-867,1
-1379,1
2412,1
-2196,1
1900,1
-1684,1
1388,1
-3219,1
876,1
-2402,1
-1169,1
-3429,1
4760,1
25748,1
-653,1
1686,1
1048607,1
-1898,1
1687,1
-1166,1
-654,1
-872,1
1905,1
880,1
1176,1
1393,1
-1384,1
881,1
33633,1
2200,1
-4453,1
1392,1
-645,1
-884,1
-1909,1
1924,1
-2947,1
1148,1
-4214,1
-1145,1
-6530,1
2438,1
-2436,1
1414,1
902,1
1149,1
-2681,1
-1411,1
-898,1
-1659,1
25993,1
1413,1
-2946,1
-2943,1
1152,1
1416,1
-5511,1
2170,1
-903,1
908,1
-905,1
-2951,1
-904,1
907,1
1656,1
633,1
-4215,1
-2952,1
-1926,1
-1654,1
1145,1
-1415,1
1048552,1
2683,1
1146,1
-1143,1
-2680,1
32651,1
-2944,1
-1397,1
-2171,1
-1665,1
1407,1
-888,1
7036,1
-2690,1
-3447,1
-1400,1
1048609,1
-1666,1
1406,1
649,1
1161,1
-2689,1
-1911,1
-1048446,1
1405,1
-3445,1
-2180,1
892,1
-1401,1
2182,1
1408,1
1157,1
-4218,1
1048654,1
1668,1
-1916,1
-2428,1
645,1
1922,1
-1150,1
-10111,1
6276,1
2435,1
2183,1
-6271,1
-890,1
1409,1
1158,1
1670,1
-3961,1
-4451,1
1899,1
-2710,1
30899,1
-3913,1
-1706,1
-3753,1
1366,1
2230,1
854,1
695,1
1877,1
27828,1
1209,1
-1863,1
-2732,1
-4424,1
698,1
-2885,1
-1708,1
-1196,1
-7337,1
2234,1
-4940,1
-681,1
855,1
692,1
2226,1
-1702,1
-1190,1
-2382,1
-4943,1
-4264,1
-1357,1
-3752,1
1204,1
-2215,1
16573,1
1205,1
-4261,1
-1704,1
-1867,1
856,1
2231,1
33446,1
1211,1
701,1
-3405,1
-835,1
2894,1
25411,1
-4787,1
-689,1
-1344,1
-2368,1
1358,1
3264,1
-1343,1
20680,1
-3252,1
706,1
-1342,1
1730,1
-2228,1
-2366,1
-4273,1
1356,1
-1204,1
1871,1
-2223,1
704,1
-2736,1
4433,1
1213,1
850,1
-686,1
-3908,1
1873,1
-5805,1
-1199,1
-834,1
-1345,1
-4781,1
-1346,1
2384,1
-833,1
-3759,1
-1200,1
-3247,1
1215,1
-1358,1
-6824,1
1183,1
1379,1
-4763,1
2406,1
1048586,1
1382,1
1700,1
-859,1
-1048422,1
1048536,1
25769,1
-1371,1
-3417,1
3429,1
679,1
-1180,1
-668,1
-2715,1
-857,1
680,1
-4250,1
2918,1
-2395,1
1383,1
-1175,1
-864,1
1184,1
-1174,1
-3935,1
18600,1
-6494,1
2720,1
1897,1
674,1
-2199,1
1186,1
-1374,1
-1688,1
1384,1
2921,1
-5984,1
675,1
-1373,1
-3742,1
3426,1
-1871,1
-3230,1
-1697,1
-1876,1
1048581,1
1374,1
-7331,1
-1363,1
862,1
-2386,1
687,1
-1361,1
1373,1
4959,1
18617,1
-6477,1
-1360,1
1372,1
-5966,1
-3408,1
1713,1
1887,1
3757,1
-1364,1
-3744,1
-1181,1
27502,1
1192,1
18080,1
-1880,1
-2392,1
-2717,1
-5461,1
-1367,1
1195,1
865,1
-2720,1
-1879,1
2731,1
-2208,1
-2390,1
1888,1
1376,1
2816,1
